<?xml version="1.0" encoding="UTF-8"?>
<GenRun Id="synth_1" LaunchPart="xc7z010clg400-1" LaunchTime="1594285879">
  <File Type="PA-TCL" Name="pwm_7010_wrapper.tcl"/>
  <File Type="RDS-PROPCONSTRS" Name="pwm_7010_wrapper_drc_synth.rpt"/>
  <File Type="REPORTS-TCL" Name="pwm_7010_wrapper_reports.tcl"/>
  <File Type="RDS-RDS" Name="pwm_7010_wrapper.vds"/>
  <File Type="RDS-UTIL" Name="pwm_7010_wrapper_utilization_synth.rpt"/>
  <File Type="RDS-UTIL-PB" Name="pwm_7010_wrapper_utilization_synth.pb"/>
  <File Type="RDS-DCP" Name="pwm_7010_wrapper.dcp"/>
  <File Type="VDS-TIMINGSUMMARY" Name="pwm_7010_wrapper_timing_summary_synth.rpt"/>
  <File Type="VDS-TIMING-PB" Name="pwm_7010_wrapper_timing_summary_synth.pb"/>
  <FileSet Name="sources" Type="DesignSrcs" RelSrcDir="$PSRCDIR/sources_1">
    <Filter Type="Srcs"/>
    <File Path="$PSRCDIR/sources_1/bd/pwm_7010/pwm_7010.bd">
      <FileInfo>
        <Attr Name="UsedIn" Val="synthesis"/>
        <Attr Name="UsedIn" Val="implementation"/>
        <Attr Name="UsedIn" Val="simulation"/>
      </FileInfo>
    </File>
    <File Path="$PSRCDIR/sources_1/bd/pwm_7010/hdl/pwm_7010_wrapper.v">
      <FileInfo>
        <Attr Name="UsedIn" Val="synthesis"/>
        <Attr Name="UsedIn" Val="implementation"/>
        <Attr Name="UsedIn" Val="simulation"/>
      </FileInfo>
    </File>
    <Config>
      <Option Name="DesignMode" Val="RTL"/>
      <Option Name="TopModule" Val="pwm_7010_wrapper"/>
      <Option Name="TopAutoSet" Val="TRUE"/>
    </Config>
  </FileSet>
  <FileSet Name="constrs_in" Type="Constrs" RelSrcDir="$PSRCDIR/constrs_1">
    <Filter Type="Constrs"/>
    <File Path="$PSRCDIR/constrs_1/new/system.xdc">
      <FileInfo>
        <Attr Name="UsedIn" Val="synthesis"/>
        <Attr Name="UsedIn" Val="implementation"/>
      </FileInfo>
    </File>
    <Config>
      <Option Name="TargetConstrsFile" Val="$PSRCDIR/constrs_1/new/system.xdc"/>
      <Option Name="ConstrsType" Val="XDC"/>
    </Config>
  </FileSet>
  <FileSet Name="utils" Type="Utils" RelSrcDir="$PSRCDIR/utils_1">
    <Filter Type="Utils"/>
    <Config>
      <Option Name="TopAutoSet" Val="TRUE"/>
    </Config>
  </FileSet>
  <Strategy Version="1" Minor="2">
    <StratHandle Name="Vivado Synthesis Defaults" Flow="Vivado Synthesis 2018">
      <Desc>Vivado Synthesis Defaults</Desc>
    </StratHandle>
    <Step Id="synth_design"/>
  </Strategy>
  <BlockFileSet Type="BlockSrcs" Name="pwm_7010_processing_system7_0_0"/>
  <BlockFileSet Type="BlockSrcs" Name="pwm_7010_PWM_0_0"/>
  <BlockFileSet Type="BlockSrcs" Name="pwm_7010_rst_ps7_0_50M_0"/>
  <BlockFileSet Type="BlockSrcs" Name="pwm_7010_auto_pc_0"/>
</GenRun>
